timestamp;buyer;seller;symbol;currency;price;quantity
0;;;CROISSANTS;SEASHELLS;4274;8
100;;;RAINFOREST_RESIN;SEASHELLS;9998;1
200;;;CROISSANTS;SEASHELLS;4276;8
200;;;JAMS;SEASHELLS;6543;7
200;;;KELP;SEASHELLS;2034;1
200;;;RAINFOREST_RESIN;SEASHELLS;9998;1
200;;;SQUID_INK;SEASHELLS;1834;1
300;;;KELP;SEASHELLS;2032;1
300;;;SQUID_INK;SEASHELLS;1834;1
500;;;KELP;SEASHELLS;2035;2
500;;;RAINFOREST_RESIN;SEASHELLS;10005;2
500;;;SQUID_INK;SEASHELLS;1837;2
600;;;CROISSANTS;SEASHELLS;4276;5
700;;;JAMS;SEASHELLS;6542;3
900;;;KELP;SEASHELLS;2031;8
900;;;SQUID_INK;SEASHELLS;1840;8
1000;;;JAMS;SEASHELLS;6545;4
1000;;;RAINFOREST_RESIN;SEASHELLS;10002;1
1000;;;RAINFOREST_RESIN;SEASHELLS;10002;2
1200;;;JAMS;SEASHELLS;6542;9
1200;;;KELP;SEASHELLS;2032;1
1200;;;SQUID_INK;SEASHELLS;1839;1
1300;;;PICNIC_BASKET1;SEASHELLS;58693;6
1300;;;PICNIC_BASKET2;SEASHELLS;30250;6
1300;;;RAINFOREST_RESIN;SEASHELLS;9998;1
1500;;;KELP;SEASHELLS;2032;1
1500;;;SQUID_INK;SEASHELLS;1842;1
1600;;;CROISSANTS;SEASHELLS;4273;8
1600;;;RAINFOREST_RESIN;SEASHELLS;9996;1
1700;;;DJEMBES;SEASHELLS;13413;3
1900;;;RAINFOREST_RESIN;SEASHELLS;9998;8
1900;;;RAINFOREST_RESIN;SEASHELLS;9998;4
2000;;;DJEMBES;SEASHELLS;13413;2
2300;;;DJEMBES;SEASHELLS;13414;2
2500;;;JAMS;SEASHELLS;6543;6
2800;;;JAMS;SEASHELLS;6542;9
2900;;;JAMS;SEASHELLS;6542;10
3200;;;KELP;SEASHELLS;2034;2
3200;;;RAINFOREST_RESIN;SEASHELLS;10004;1
3200;;;RAINFOREST_RESIN;SEASHELLS;10004;1
3200;;;SQUID_INK;SEASHELLS;1850;2
3400;;;RAINFOREST_RESIN;SEASHELLS;9998;1
3500;;;SQUID_INK;SEASHELLS;1851;1
3600;;;RAINFOREST_RESIN;SEASHELLS;10002;5
3600;;;RAINFOREST_RESIN;SEASHELLS;10002;3
3700;;;KELP;SEASHELLS;2033;5
3700;;;SQUID_INK;SEASHELLS;1851;5
3700;;;SQUID_INK;SEASHELLS;1852;2
3900;;;RAINFOREST_RESIN;SEASHELLS;10002;4
4600;;;JAMS;SEASHELLS;6542;10
4600;;;KELP;SEASHELLS;2034;1
4600;;;SQUID_INK;SEASHELLS;1859;1
4700;;;KELP;SEASHELLS;2035;4
4700;;;SQUID_INK;SEASHELLS;1858;4
4900;;;KELP;SEASHELLS;2035;2
4900;;;RAINFOREST_RESIN;SEASHELLS;10004;2
4900;;;SQUID_INK;SEASHELLS;1860;2
5000;;;CROISSANTS;SEASHELLS;4271;4
5400;;;SQUID_INK;SEASHELLS;1857;5
5500;;;JAMS;SEASHELLS;6540;4
5700;;;KELP;SEASHELLS;2035;14
5700;;;PICNIC_BASKET1;SEASHELLS;58650;1
5700;;;PICNIC_BASKET1;SEASHELLS;58649;1
5700;;;PICNIC_BASKET2;SEASHELLS;30232;1
5700;;;PICNIC_BASKET2;SEASHELLS;30231;1
5700;;;SQUID_INK;SEASHELLS;1862;14
5800;;;KELP;SEASHELLS;2035;14
5800;;;SQUID_INK;SEASHELLS;1861;14
5900;;;KELP;SEASHELLS;2035;12
5900;;;KELP;SEASHELLS;2034;1
5900;;;RAINFOREST_RESIN;SEASHELLS;9996;1
5900;;;SQUID_INK;SEASHELLS;1860;12
5900;;;SQUID_INK;SEASHELLS;1859;1
6100;;;DJEMBES;SEASHELLS;13413;5
6100;;;KELP;SEASHELLS;2032;5
6100;;;KELP;SEASHELLS;2034;8
6100;;;SQUID_INK;SEASHELLS;1859;5
6100;;;SQUID_INK;SEASHELLS;1860;8
6200;;;JAMS;SEASHELLS;6540;3
6400;;;CROISSANTS;SEASHELLS;4272;8
6800;;;JAMS;SEASHELLS;6540;5
6900;;;DJEMBES;SEASHELLS;13415;2
7100;;;CROISSANTS;SEASHELLS;4271;7
7200;;;CROISSANTS;SEASHELLS;4271;5
7300;;;JAMS;SEASHELLS;6540;8
7300;;;PICNIC_BASKET2;SEASHELLS;30235;1
7400;;;JAMS;SEASHELLS;6540;6
7400;;;KELP;SEASHELLS;2032;1
7400;;;SQUID_INK;SEASHELLS;1859;1
7500;;;JAMS;SEASHELLS;6541;7
7800;;;KELP;SEASHELLS;2034;1
7800;;;RAINFOREST_RESIN;SEASHELLS;10002;2
7900;;;CROISSANTS;SEASHELLS;4270;8
7900;;;JAMS;SEASHELLS;6539;5
7900;;;RAINFOREST_RESIN;SEASHELLS;10004;1
7900;;;RAINFOREST_RESIN;SEASHELLS;10004;8
8200;;;JAMS;SEASHELLS;6538;5
8600;;;RAINFOREST_RESIN;SEASHELLS;10004;1
8600;;;RAINFOREST_RESIN;SEASHELLS;10004;6
8900;;;PICNIC_BASKET1;SEASHELLS;58657;3
8900;;;PICNIC_BASKET2;SEASHELLS;30224;3
9100;;;CROISSANTS;SEASHELLS;4270;5
9100;;;PICNIC_BASKET1;SEASHELLS;58643;1
9100;;;PICNIC_BASKET2;SEASHELLS;30224;1
9300;;;JAMS;SEASHELLS;6539;9
9400;;;KELP;SEASHELLS;2032;1
9400;;;SQUID_INK;SEASHELLS;1855;1
9600;;;KELP;SEASHELLS;2034;1
9600;;;RAINFOREST_RESIN;SEASHELLS;9998;2
9600;;;SQUID_INK;SEASHELLS;1857;1
9700;;;RAINFOREST_RESIN;SEASHELLS;9996;1
9800;;;DJEMBES;SEASHELLS;13415;4
9900;;;JAMS;SEASHELLS;6540;5
9900;;;KELP;SEASHELLS;2035;1
9900;;;SQUID_INK;SEASHELLS;1860;1
9900;;;SQUID_INK;SEASHELLS;1859;5
10000;;;CROISSANTS;SEASHELLS;4270;8
10100;;;JAMS;SEASHELLS;6540;4
10300;;;DJEMBES;SEASHELLS;13410;3
10500;;;KELP;SEASHELLS;2033;2
10500;;;RAINFOREST_RESIN;SEASHELLS;10002;1
10500;;;RAINFOREST_RESIN;SEASHELLS;9995;2
10500;;;SQUID_INK;SEASHELLS;1856;2
10600;;;KELP;SEASHELLS;2035;1
10600;;;SQUID_INK;SEASHELLS;1858;1
10800;;;JAMS;SEASHELLS;6538;8
11300;;;RAINFOREST_RESIN;SEASHELLS;9998;1
11700;;;RAINFOREST_RESIN;SEASHELLS;10002;1
11700;;;SQUID_INK;SEASHELLS;1858;3
12100;;;DJEMBES;SEASHELLS;13415;1
12100;;;KELP;SEASHELLS;2034;1
12100;;;RAINFOREST_RESIN;SEASHELLS;9998;1
12100;;;SQUID_INK;SEASHELLS;1855;1
12200;;;KELP;SEASHELLS;2033;1
12200;;;SQUID_INK;SEASHELLS;1856;1
12400;;;KELP;SEASHELLS;2032;1
12400;;;SQUID_INK;SEASHELLS;1857;1
12700;;;CROISSANTS;SEASHELLS;4267;7
12900;;;KELP;SEASHELLS;2036;6
12900;;;SQUID_INK;SEASHELLS;1856;6
13000;;;RAINFOREST_RESIN;SEASHELLS;9998;1
13100;;;RAINFOREST_RESIN;SEASHELLS;10002;3
13200;;;PICNIC_BASKET1;SEASHELLS;58636;1
13200;;;PICNIC_BASKET2;SEASHELLS;30228;1
13300;;;JAMS;SEASHELLS;6544;8
13600;;;RAINFOREST_RESIN;SEASHELLS;10002;1
13700;;;CROISSANTS;SEASHELLS;4267;7
13700;;;KELP;SEASHELLS;2034;3
13700;;;SQUID_INK;SEASHELLS;1848;3
13900;;;KELP;SEASHELLS;2032;1
13900;;;KELP;SEASHELLS;2034;3
13900;;;SQUID_INK;SEASHELLS;1849;1
13900;;;SQUID_INK;SEASHELLS;1850;3
14000;;;KELP;SEASHELLS;2032;15
14000;;;SQUID_INK;SEASHELLS;1852;1
14100;;;KELP;SEASHELLS;2034;4
14200;;;CROISSANTS;SEASHELLS;4267;6
14300;;;JAMS;SEASHELLS;6541;5
14400;;;JAMS;SEASHELLS;6542;6
14500;;;KELP;SEASHELLS;2033;5
14500;;;SQUID_INK;SEASHELLS;1852;1
14500;;;SQUID_INK;SEASHELLS;1852;4
14700;;;DJEMBES;SEASHELLS;13416;1
14700;;;SQUID_INK;SEASHELLS;1852;1
14800;;;CROISSANTS;SEASHELLS;4267;10
15000;;;CROISSANTS;SEASHELLS;4267;5
15000;;;RAINFOREST_RESIN;SEASHELLS;9998;3
15200;;;JAMS;SEASHELLS;6543;5
15200;;;KELP;SEASHELLS;2033;2
15200;;;SQUID_INK;SEASHELLS;1848;2
15200;;;SQUID_INK;SEASHELLS;1848;1
15500;;;KELP;SEASHELLS;2033;1
15500;;;RAINFOREST_RESIN;SEASHELLS;10002;1
15500;;;SQUID_INK;SEASHELLS;1850;1
15600;;;RAINFOREST_RESIN;SEASHELLS;10002;1
15800;;;CROISSANTS;SEASHELLS;4269;7
16100;;;KELP;SEASHELLS;2033;1
16100;;;RAINFOREST_RESIN;SEASHELLS;9996;1
16100;;;SQUID_INK;SEASHELLS;1857;1
16200;;;DJEMBES;SEASHELLS;13418;4
16200;;;PICNIC_BASKET1;SEASHELLS;58653;1
16200;;;PICNIC_BASKET2;SEASHELLS;30224;1
16300;;;KELP;SEASHELLS;2034;1
16300;;;SQUID_INK;SEASHELLS;1852;1
16400;;;KELP;SEASHELLS;2036;9
16400;;;SQUID_INK;SEASHELLS;1851;9
16700;;;DJEMBES;SEASHELLS;13418;3
16700;;;KELP;SEASHELLS;2036;2
16700;;;RAINFOREST_RESIN;SEASHELLS;10004;2
16700;;;SQUID_INK;SEASHELLS;1845;2
16800;;;JAMS;SEASHELLS;6540;6
16900;;;CROISSANTS;SEASHELLS;4268;5
16900;;;RAINFOREST_RESIN;SEASHELLS;10002;1
17000;;;RAINFOREST_RESIN;SEASHELLS;9998;3
17000;;;RAINFOREST_RESIN;SEASHELLS;10002;5
17200;;;RAINFOREST_RESIN;SEASHELLS;10002;1
17800;;;RAINFOREST_RESIN;SEASHELLS;10002;1
17900;;;KELP;SEASHELLS;2035;1
17900;;;SQUID_INK;SEASHELLS;1849;1
18000;;;KELP;SEASHELLS;2035;1
18000;;;RAINFOREST_RESIN;SEASHELLS;9998;2
18000;;;SQUID_INK;SEASHELLS;1850;1
18300;;;DJEMBES;SEASHELLS;13412;6
18600;;;KELP;SEASHELLS;2033;1
18600;;;SQUID_INK;SEASHELLS;1837;1
18700;;;KELP;SEASHELLS;2035;1
18700;;;SQUID_INK;SEASHELLS;1840;1
18800;;;DJEMBES;SEASHELLS;13413;4
18900;;;RAINFOREST_RESIN;SEASHELLS;9996;1
19000;;;CROISSANTS;SEASHELLS;4269;7
19000;;;KELP;SEASHELLS;2035;1
19000;;;SQUID_INK;SEASHELLS;1830;1
19100;;;KELP;SEASHELLS;2033;2
19100;;;SQUID_INK;SEASHELLS;1822;2
19200;;;KELP;SEASHELLS;2035;1
19200;;;RAINFOREST_RESIN;SEASHELLS;10002;1
19200;;;SQUID_INK;SEASHELLS;1825;1
19300;;;KELP;SEASHELLS;2036;10
19300;;;SQUID_INK;SEASHELLS;1828;10
19400;;;KELP;SEASHELLS;2033;1
19400;;;SQUID_INK;SEASHELLS;1829;1
19500;;;KELP;SEASHELLS;2033;2
19500;;;RAINFOREST_RESIN;SEASHELLS;9998;2
19500;;;SQUID_INK;SEASHELLS;1829;1
19500;;;SQUID_INK;SEASHELLS;1829;1
19600;;;DJEMBES;SEASHELLS;13416;5
19700;;;KELP;SEASHELLS;2033;1
19700;;;KELP;SEASHELLS;2033;15
19700;;;SQUID_INK;SEASHELLS;1826;1
19700;;;SQUID_INK;SEASHELLS;1826;15
19900;;;CROISSANTS;SEASHELLS;4269;5
19900;;;RAINFOREST_RESIN;SEASHELLS;9996;2
19900;;;RAINFOREST_RESIN;SEASHELLS;9996;7
20000;;;DJEMBES;SEASHELLS;13416;1
20000;;;KELP;SEASHELLS;2035;1
20000;;;SQUID_INK;SEASHELLS;1833;1
20100;;;KELP;SEASHELLS;2036;2
20100;;;RAINFOREST_RESIN;SEASHELLS;10004;2
20100;;;SQUID_INK;SEASHELLS;1835;2
20300;;;CROISSANTS;SEASHELLS;4272;6
20300;;;KELP;SEASHELLS;2033;1
20300;;;RAINFOREST_RESIN;SEASHELLS;9998;1
20300;;;SQUID_INK;SEASHELLS;1833;1
20400;;;RAINFOREST_RESIN;SEASHELLS;9995;5
20800;;;JAMS;SEASHELLS;6540;4
20900;;;RAINFOREST_RESIN;SEASHELLS;9998;1
21000;;;PICNIC_BASKET1;SEASHELLS;58703;2
21000;;;PICNIC_BASKET2;SEASHELLS;30244;2
21100;;;DJEMBES;SEASHELLS;13414;5
21100;;;RAINFOREST_RESIN;SEASHELLS;10002;2
21300;;;KELP;SEASHELLS;2035;1
21300;;;SQUID_INK;SEASHELLS;1835;1
21400;;;RAINFOREST_RESIN;SEASHELLS;10002;3
21500;;;RAINFOREST_RESIN;SEASHELLS;9998;1
21600;;;CROISSANTS;SEASHELLS;4269;8
21700;;;DJEMBES;SEASHELLS;13414;3
21700;;;KELP;SEASHELLS;2035;1
21700;;;SQUID_INK;SEASHELLS;1845;1
21800;;;CROISSANTS;SEASHELLS;4271;7
21800;;;DJEMBES;SEASHELLS;13413;5
21800;;;SQUID_INK;SEASHELLS;1846;10
21900;;;KELP;SEASHELLS;2033;1
21900;;;KELP;SEASHELLS;2033;12
21900;;;SQUID_INK;SEASHELLS;1845;13
22000;;;KELP;SEASHELLS;2033;3
22100;;;DJEMBES;SEASHELLS;13415;1
22400;;;JAMS;SEASHELLS;6536;9
22600;;;KELP;SEASHELLS;2035;2
22600;;;KELP;SEASHELLS;2035;5
22600;;;RAINFOREST_RESIN;SEASHELLS;9995;2
22600;;;SQUID_INK;SEASHELLS;1850;2
22700;;;KELP;SEASHELLS;2033;11
22700;;;SQUID_INK;SEASHELLS;1849;11
22900;;;DJEMBES;SEASHELLS;13414;5
23100;;;JAMS;SEASHELLS;6538;8
23200;;;DJEMBES;SEASHELLS;13412;3
23600;;;DJEMBES;SEASHELLS;13413;2
23600;;;JAMS;SEASHELLS;6537;3
23600;;;RAINFOREST_RESIN;SEASHELLS;10002;3
23700;;;KELP;SEASHELLS;2036;1
23700;;;RAINFOREST_RESIN;SEASHELLS;10004;1
23700;;;SQUID_INK;SEASHELLS;1847;1
23900;;;PICNIC_BASKET1;SEASHELLS;58678;2
23900;;;PICNIC_BASKET1;SEASHELLS;58677;4
23900;;;PICNIC_BASKET2;SEASHELLS;30235;2
23900;;;PICNIC_BASKET2;SEASHELLS;30234;4
24000;;;JAMS;SEASHELLS;6537;9
24300;;;DJEMBES;SEASHELLS;13410;1
24400;;;CROISSANTS;SEASHELLS;4271;9
24400;;;DJEMBES;SEASHELLS;13411;3
24400;;;KELP;SEASHELLS;2033;1
24400;;;RAINFOREST_RESIN;SEASHELLS;9998;2
24400;;;SQUID_INK;SEASHELLS;1845;1
24500;;;JAMS;SEASHELLS;6537;10
24600;;;JAMS;SEASHELLS;6537;8
24900;;;DJEMBES;SEASHELLS;13412;3
25100;;;PICNIC_BASKET1;SEASHELLS;58669;1
25100;;;PICNIC_BASKET2;SEASHELLS;30242;6
25400;;;PICNIC_BASKET1;SEASHELLS;58674;2
25400;;;PICNIC_BASKET2;SEASHELLS;30241;2
25500;;;DJEMBES;SEASHELLS;13410;3
25500;;;RAINFOREST_RESIN;SEASHELLS;9998;1
25500;;;RAINFOREST_RESIN;SEASHELLS;9998;3
25600;;;DJEMBES;SEASHELLS;13410;3
25700;;;RAINFOREST_RESIN;SEASHELLS;10004;1
25700;;;RAINFOREST_RESIN;SEASHELLS;10004;4
25800;;;CROISSANTS;SEASHELLS;4273;8
25800;;;JAMS;SEASHELLS;6539;4
25800;;;KELP;SEASHELLS;2033;8
25800;;;SQUID_INK;SEASHELLS;1849;8
25900;;;RAINFOREST_RESIN;SEASHELLS;10002;1
25900;;;RAINFOREST_RESIN;SEASHELLS;10002;2
26000;;;RAINFOREST_RESIN;SEASHELLS;9998;1
26100;;;KELP;SEASHELLS;2033;1
26400;;;PICNIC_BASKET1;SEASHELLS;58658;1
26400;;;PICNIC_BASKET1;SEASHELLS;58658;6
26400;;;PICNIC_BASKET2;SEASHELLS;30235;7
26700;;;KELP;SEASHELLS;2033;4
26800;;;CROISSANTS;SEASHELLS;4272;8
26800;;;KELP;SEASHELLS;2035;1
26800;;;SQUID_INK;SEASHELLS;1846;1
26900;;;JAMS;SEASHELLS;6536;8
27100;;;KELP;SEASHELLS;2035;1
27100;;;RAINFOREST_RESIN;SEASHELLS;10004;1
27100;;;SQUID_INK;SEASHELLS;1851;1
27600;;;KELP;SEASHELLS;2036;10
27600;;;RAINFOREST_RESIN;SEASHELLS;10005;7
27600;;;SQUID_INK;SEASHELLS;1852;10
27800;;;RAINFOREST_RESIN;SEASHELLS;10002;1
27900;;;CROISSANTS;SEASHELLS;4273;8
28000;;;DJEMBES;SEASHELLS;13412;5
28200;;;KELP;SEASHELLS;2035;1
28200;;;RAINFOREST_RESIN;SEASHELLS;9998;1
28200;;;SQUID_INK;SEASHELLS;1851;1
28400;;;RAINFOREST_RESIN;SEASHELLS;10002;4
28600;;;KELP;SEASHELLS;2033;1
28600;;;KELP;SEASHELLS;2033;6
28600;;;RAINFOREST_RESIN;SEASHELLS;10002;1
28600;;;RAINFOREST_RESIN;SEASHELLS;9995;10
28600;;;SQUID_INK;SEASHELLS;1848;1
28600;;;SQUID_INK;SEASHELLS;1848;6
28800;;;KELP;SEASHELLS;2033;2
28800;;;RAINFOREST_RESIN;SEASHELLS;9995;2
28800;;;SQUID_INK;SEASHELLS;1848;2
29100;;;KELP;SEASHELLS;2035;1
29100;;;RAINFOREST_RESIN;SEASHELLS;10002;1
29100;;;SQUID_INK;SEASHELLS;1852;1
29500;;;JAMS;SEASHELLS;6534;8
29500;;;KELP;SEASHELLS;2036;4
29500;;;SQUID_INK;SEASHELLS;1853;4
29700;;;DJEMBES;SEASHELLS;13409;5
29800;;;KELP;SEASHELLS;2033;1
29800;;;RAINFOREST_RESIN;SEASHELLS;9996;1
29800;;;SQUID_INK;SEASHELLS;1853;1
29900;;;KELP;SEASHELLS;2034;2
29900;;;RAINFOREST_RESIN;SEASHELLS;9998;1
29900;;;SQUID_INK;SEASHELLS;1854;2
30000;;;JAMS;SEASHELLS;6534;8
30100;;;JAMS;SEASHELLS;6534;10
30100;;;KELP;SEASHELLS;2034;3
30100;;;SQUID_INK;SEASHELLS;1853;3
30300;;;KELP;SEASHELLS;2035;1
30300;;;SQUID_INK;SEASHELLS;1853;1
30800;;;CROISSANTS;SEASHELLS;4273;6
30800;;;JAMS;SEASHELLS;6533;9
30900;;;DJEMBES;SEASHELLS;13416;4
30900;;;JAMS;SEASHELLS;6535;6
31000;;;DJEMBES;SEASHELLS;13416;3
31000;;;JAMS;SEASHELLS;6533;9
31200;;;DJEMBES;SEASHELLS;13417;4
31300;;;KELP;SEASHELLS;2036;1
31600;;;DJEMBES;SEASHELLS;13418;2
31700;;;DJEMBES;SEASHELLS;13416;3
31700;;;KELP;SEASHELLS;2036;1
31700;;;SQUID_INK;SEASHELLS;1854;1
32000;;;KELP;SEASHELLS;2034;4
32000;;;SQUID_INK;SEASHELLS;1847;4
32200;;;KELP;SEASHELLS;2034;4
32200;;;SQUID_INK;SEASHELLS;1847;4
32300;;;DJEMBES;SEASHELLS;13415;1
32400;;;JAMS;SEASHELLS;6533;8
32400;;;PICNIC_BASKET1;SEASHELLS;58686;7
32400;;;PICNIC_BASKET2;SEASHELLS;30243;1
32500;;;DJEMBES;SEASHELLS;13413;1
32600;;;CROISSANTS;SEASHELLS;4277;9
32700;;;PICNIC_BASKET1;SEASHELLS;58688;1
32900;;;KELP;SEASHELLS;2034;1
32900;;;SQUID_INK;SEASHELLS;1834;1
33100;;;KELP;SEASHELLS;2034;1
33100;;;SQUID_INK;SEASHELLS;1836;1
33200;;;CROISSANTS;SEASHELLS;4276;9
33200;;;DJEMBES;SEASHELLS;13412;6
33300;;;DJEMBES;SEASHELLS;13411;4
33600;;;KELP;SEASHELLS;2037;1
33600;;;PICNIC_BASKET1;SEASHELLS;58682;2
33600;;;PICNIC_BASKET2;SEASHELLS;30244;7
33600;;;RAINFOREST_RESIN;SEASHELLS;10004;1
33600;;;SQUID_INK;SEASHELLS;1846;1
33800;;;JAMS;SEASHELLS;6534;10
34700;;;CROISSANTS;SEASHELLS;4278;5
34800;;;KELP;SEASHELLS;2035;3
34800;;;KELP;SEASHELLS;2035;4
34800;;;RAINFOREST_RESIN;SEASHELLS;10002;1
34800;;;SQUID_INK;SEASHELLS;1848;3
35100;;;JAMS;SEASHELLS;6534;8
35200;;;JAMS;SEASHELLS;6533;7
35200;;;KELP;SEASHELLS;2034;1
35200;;;RAINFOREST_RESIN;SEASHELLS;9996;1
35200;;;SQUID_INK;SEASHELLS;1844;1
35400;;;CROISSANTS;SEASHELLS;4278;5
35500;;;JAMS;SEASHELLS;6531;7
35700;;;KELP;SEASHELLS;2035;1
35800;;;JAMS;SEASHELLS;6531;3
35900;;;JAMS;SEASHELLS;6533;5
36000;;;JAMS;SEASHELLS;6531;3
36100;;;DJEMBES;SEASHELLS;13410;2
36800;;;RAINFOREST_RESIN;SEASHELLS;9998;1
36900;;;KELP;SEASHELLS;2034;1
36900;;;SQUID_INK;SEASHELLS;1845;1
37000;;;CROISSANTS;SEASHELLS;4278;7
37000;;;PICNIC_BASKET1;SEASHELLS;58645;9
37000;;;PICNIC_BASKET2;SEASHELLS;30259;9
37300;;;JAMS;SEASHELLS;6530;9
37300;;;PICNIC_BASKET1;SEASHELLS;58642;10
37300;;;PICNIC_BASKET2;SEASHELLS;30261;10
37400;;;CROISSANTS;SEASHELLS;4276;7
37700;;;KELP;SEASHELLS;2036;1
37800;;;JAMS;SEASHELLS;6529;4
37800;;;KELP;SEASHELLS;2034;2
37800;;;RAINFOREST_RESIN;SEASHELLS;9998;2
37800;;;SQUID_INK;SEASHELLS;1848;2
37900;;;KELP;SEASHELLS;2034;4
37900;;;SQUID_INK;SEASHELLS;1848;4
38300;;;KELP;SEASHELLS;2034;8
38300;;;SQUID_INK;SEASHELLS;1849;8
38400;;;KELP;SEASHELLS;2034;8
38400;;;SQUID_INK;SEASHELLS;1850;2
38800;;;RAINFOREST_RESIN;SEASHELLS;10005;5
39300;;;PICNIC_BASKET1;SEASHELLS;58634;5
39300;;;PICNIC_BASKET2;SEASHELLS;30259;5
39400;;;JAMS;SEASHELLS;6531;8
39500;;;DJEMBES;SEASHELLS;13384;3
39500;;;KELP;SEASHELLS;2036;1
39600;;;CROISSANTS;SEASHELLS;4277;6
39900;;;CROISSANTS;SEASHELLS;4276;6
40100;;;JAMS;SEASHELLS;6531;4
40200;;;JAMS;SEASHELLS;6531;8
40300;;;SQUID_INK;SEASHELLS;1851;2
40400;;;JAMS;SEASHELLS;6531;7
40400;;;KELP;SEASHELLS;2034;8
40400;;;SQUID_INK;SEASHELLS;1852;8
40500;;;CROISSANTS;SEASHELLS;4277;5
41100;;;DJEMBES;SEASHELLS;13388;3
41100;;;RAINFOREST_RESIN;SEASHELLS;10002;3
41200;;;JAMS;SEASHELLS;6531;10
41200;;;KELP;SEASHELLS;2034;1
41200;;;SQUID_INK;SEASHELLS;1852;1
41300;;;KELP;SEASHELLS;2034;4
41300;;;SQUID_INK;SEASHELLS;1856;4
41400;;;PICNIC_BASKET1;SEASHELLS;58638;2
41400;;;PICNIC_BASKET2;SEASHELLS;30283;6
41600;;;CROISSANTS;SEASHELLS;4278;8
41900;;;JAMS;SEASHELLS;6531;8
42000;;;JAMS;SEASHELLS;6531;5
42200;;;CROISSANTS;SEASHELLS;4276;6
42300;;;SQUID_INK;SEASHELLS;1862;3
42600;;;DJEMBES;SEASHELLS;13384;3
42800;;;KELP;SEASHELLS;2034;1
42800;;;SQUID_INK;SEASHELLS;1858;1
42900;;;DJEMBES;SEASHELLS;13382;5
43200;;;CROISSANTS;SEASHELLS;4275;8
43200;;;KELP;SEASHELLS;2035;1
43200;;;SQUID_INK;SEASHELLS;1863;1
43200;;;SQUID_INK;SEASHELLS;1863;2
43400;;;CROISSANTS;SEASHELLS;4275;8
43400;;;DJEMBES;SEASHELLS;13383;3
43400;;;RAINFOREST_RESIN;SEASHELLS;10005;11
43700;;;KELP;SEASHELLS;2035;5
43700;;;RAINFOREST_RESIN;SEASHELLS;10002;5
43700;;;RAINFOREST_RESIN;SEASHELLS;10002;1
43700;;;SQUID_INK;SEASHELLS;1854;5
43800;;;JAMS;SEASHELLS;6534;10
44100;;;CROISSANTS;SEASHELLS;4274;7
44300;;;DJEMBES;SEASHELLS;13389;2
44800;;;JAMS;SEASHELLS;6531;4
44800;;;PICNIC_BASKET1;SEASHELLS;58626;1
44800;;;PICNIC_BASKET1;SEASHELLS;58625;1
44800;;;PICNIC_BASKET2;SEASHELLS;30255;1
44800;;;PICNIC_BASKET2;SEASHELLS;30254;1
44900;;;KELP;SEASHELLS;2036;1
44900;;;SQUID_INK;SEASHELLS;1851;1
45000;;;DJEMBES;SEASHELLS;13386;3
45000;;;KELP;SEASHELLS;2034;1
45000;;;SQUID_INK;SEASHELLS;1847;1
45200;;;PICNIC_BASKET1;SEASHELLS;58624;7
45200;;;PICNIC_BASKET2;SEASHELLS;30259;7
45400;;;RAINFOREST_RESIN;SEASHELLS;9998;6
45500;;;JAMS;SEASHELLS;6531;9
45600;;;KELP;SEASHELLS;2034;1
45600;;;SQUID_INK;SEASHELLS;1847;1
46300;;;RAINFOREST_RESIN;SEASHELLS;10004;1
46300;;;RAINFOREST_RESIN;SEASHELLS;10004;3
46500;;;CROISSANTS;SEASHELLS;4272;5
46500;;;KELP;SEASHELLS;2035;1
46500;;;SQUID_INK;SEASHELLS;1847;1
46800;;;CROISSANTS;SEASHELLS;4275;6
47100;;;JAMS;SEASHELLS;6528;3
47100;;;KELP;SEASHELLS;2033;1
47100;;;RAINFOREST_RESIN;SEASHELLS;10005;8
47100;;;SQUID_INK;SEASHELLS;1843;1
47200;;;CROISSANTS;SEASHELLS;4273;7
47200;;;KELP;SEASHELLS;2033;8
47400;;;KELP;SEASHELLS;2033;1
47400;;;RAINFOREST_RESIN;SEASHELLS;9995;1
47400;;;RAINFOREST_RESIN;SEASHELLS;9998;1
47400;;;SQUID_INK;SEASHELLS;1845;1
47500;;;KELP;SEASHELLS;2036;1
47500;;;RAINFOREST_RESIN;SEASHELLS;10004;1
47500;;;SQUID_INK;SEASHELLS;1849;1
47600;;;JAMS;SEASHELLS;6530;9
47700;;;CROISSANTS;SEASHELLS;4273;5
47800;;;CROISSANTS;SEASHELLS;4274;7
48000;;;JAMS;SEASHELLS;6531;10
48000;;;RAINFOREST_RESIN;SEASHELLS;9998;3
48200;;;JAMS;SEASHELLS;6529;4
48200;;;RAINFOREST_RESIN;SEASHELLS;10002;3
48200;;;RAINFOREST_RESIN;SEASHELLS;10002;1
48300;;;PICNIC_BASKET1;SEASHELLS;58636;2
48300;;;PICNIC_BASKET2;SEASHELLS;30281;8
48300;;;RAINFOREST_RESIN;SEASHELLS;10002;1
48400;;;KELP;SEASHELLS;2033;1
48400;;;SQUID_INK;SEASHELLS;1838;1
48500;;;RAINFOREST_RESIN;SEASHELLS;10005;10
48900;;;RAINFOREST_RESIN;SEASHELLS;9998;1
49000;;;JAMS;SEASHELLS;6530;5
49000;;;KELP;SEASHELLS;2033;2
49000;;;RAINFOREST_RESIN;SEASHELLS;9995;2
49000;;;SQUID_INK;SEASHELLS;1838;2
49100;;;KELP;SEASHELLS;2033;1
49100;;;SQUID_INK;SEASHELLS;1834;1
49200;;;CROISSANTS;SEASHELLS;4271;8
49300;;;KELP;SEASHELLS;2034;1
49300;;;RAINFOREST_RESIN;SEASHELLS;10004;1
49300;;;SQUID_INK;SEASHELLS;1834;1
49400;;;JAMS;SEASHELLS;6532;8
49400;;;KELP;SEASHELLS;2036;1
49500;;;JAMS;SEASHELLS;6529;6
49600;;;CROISSANTS;SEASHELLS;4272;6
49800;;;RAINFOREST_RESIN;SEASHELLS;9998;1
50000;;;JAMS;SEASHELLS;6529;6
50200;;;DJEMBES;SEASHELLS;13388;5
50200;;;PICNIC_BASKET1;SEASHELLS;58623;1
50200;;;PICNIC_BASKET2;SEASHELLS;30274;5
50400;;;KELP;SEASHELLS;2034;1
50400;;;SQUID_INK;SEASHELLS;1831;1
50500;;;CROISSANTS;SEASHELLS;4271;6
50500;;;KELP;SEASHELLS;2034;1
50500;;;RAINFOREST_RESIN;SEASHELLS;9995;1
50500;;;SQUID_INK;SEASHELLS;1831;1
50600;;;KELP;SEASHELLS;2037;2
50600;;;KELP;SEASHELLS;2036;1
50600;;;RAINFOREST_RESIN;SEASHELLS;10004;1
50600;;;RAINFOREST_RESIN;SEASHELLS;10004;1
50600;;;SQUID_INK;SEASHELLS;1834;2
50600;;;SQUID_INK;SEASHELLS;1833;1
50800;;;DJEMBES;SEASHELLS;13389;1
50900;;;KELP;SEASHELLS;2034;1
50900;;;SQUID_INK;SEASHELLS;1831;1
51100;;;KELP;SEASHELLS;2034;15
51100;;;RAINFOREST_RESIN;SEASHELLS;9996;1
51100;;;RAINFOREST_RESIN;SEASHELLS;9996;10
51100;;;SQUID_INK;SEASHELLS;1831;15
51200;;;KELP;SEASHELLS;2034;2
51200;;;RAINFOREST_RESIN;SEASHELLS;9995;2
51200;;;SQUID_INK;SEASHELLS;1831;2
51300;;;RAINFOREST_RESIN;SEASHELLS;10005;6
51500;;;KELP;SEASHELLS;2035;3
51500;;;SQUID_INK;SEASHELLS;1830;3
51600;;;KELP;SEASHELLS;2034;1
51600;;;SQUID_INK;SEASHELLS;1828;1
51900;;;RAINFOREST_RESIN;SEASHELLS;9995;4
52000;;;KELP;SEASHELLS;2036;3
52100;;;DJEMBES;SEASHELLS;13390;5
52300;;;DJEMBES;SEASHELLS;13390;5
52500;;;DJEMBES;SEASHELLS;13390;4
52500;;;PICNIC_BASKET1;SEASHELLS;58632;2
52500;;;PICNIC_BASKET1;SEASHELLS;58632;2
52500;;;PICNIC_BASKET2;SEASHELLS;30267;4
52500;;;RAINFOREST_RESIN;SEASHELLS;9998;1
52600;;;RAINFOREST_RESIN;SEASHELLS;9998;1
52700;;;RAINFOREST_RESIN;SEASHELLS;10004;2
52700;;;RAINFOREST_RESIN;SEASHELLS;10004;6
53000;;;DJEMBES;SEASHELLS;13387;2
53000;;;KELP;SEASHELLS;2036;1
53000;;;RAINFOREST_RESIN;SEASHELLS;9996;1
53000;;;SQUID_INK;SEASHELLS;1842;1
53100;;;DJEMBES;SEASHELLS;13389;5
53200;;;RAINFOREST_RESIN;SEASHELLS;9998;5
53400;;;CROISSANTS;SEASHELLS;4271;6
53600;;;KELP;SEASHELLS;2037;1
53600;;;RAINFOREST_RESIN;SEASHELLS;10004;1
53600;;;SQUID_INK;SEASHELLS;1843;1
53700;;;JAMS;SEASHELLS;6528;10
53800;;;DJEMBES;SEASHELLS;13387;2
53900;;;CROISSANTS;SEASHELLS;4271;7
53900;;;KELP;SEASHELLS;2037;1
53900;;;RAINFOREST_RESIN;SEASHELLS;10005;1
53900;;;SQUID_INK;SEASHELLS;1841;1
54100;;;KELP;SEASHELLS;2034;1
54100;;;SQUID_INK;SEASHELLS;1838;1
54200;;;DJEMBES;SEASHELLS;13386;1
54300;;;JAMS;SEASHELLS;6529;6
54500;;;KELP;SEASHELLS;2034;1
54500;;;SQUID_INK;SEASHELLS;1835;1
54800;;;DJEMBES;SEASHELLS;13385;1
54800;;;KELP;SEASHELLS;2034;1
54800;;;SQUID_INK;SEASHELLS;1840;1
55000;;;JAMS;SEASHELLS;6531;8
55100;;;CROISSANTS;SEASHELLS;4273;7
55100;;;JAMS;SEASHELLS;6530;9
55200;;;CROISSANTS;SEASHELLS;4274;5
55400;;;JAMS;SEASHELLS;6530;5
55900;;;KELP;SEASHELLS;2034;1
55900;;;SQUID_INK;SEASHELLS;1839;1
56000;;;KELP;SEASHELLS;2037;1
56000;;;RAINFOREST_RESIN;SEASHELLS;9998;5
56000;;;RAINFOREST_RESIN;SEASHELLS;10004;1
56000;;;SQUID_INK;SEASHELLS;1839;1
56100;;;CROISSANTS;SEASHELLS;4274;8
56100;;;KELP;SEASHELLS;2034;1
56100;;;SQUID_INK;SEASHELLS;1837;1
56100;;;SQUID_INK;SEASHELLS;1840;8
56300;;;KELP;SEASHELLS;2034;8
56300;;;PICNIC_BASKET1;SEASHELLS;58656;10
56300;;;PICNIC_BASKET2;SEASHELLS;30276;10
56300;;;SQUID_INK;SEASHELLS;1835;8
56400;;;RAINFOREST_RESIN;SEASHELLS;9998;1
56800;;;KELP;SEASHELLS;2034;2
56800;;;RAINFOREST_RESIN;SEASHELLS;9996;2
56800;;;SQUID_INK;SEASHELLS;1841;2
57100;;;PICNIC_BASKET1;SEASHELLS;58666;6
57100;;;PICNIC_BASKET2;SEASHELLS;30278;6
57500;;;KELP;SEASHELLS;2035;1
57500;;;SQUID_INK;SEASHELLS;1845;1
57600;;;KELP;SEASHELLS;2034;1
57600;;;RAINFOREST_RESIN;SEASHELLS;9998;1
57600;;;SQUID_INK;SEASHELLS;1842;1
57700;;;RAINFOREST_RESIN;SEASHELLS;10002;5
57800;;;KELP;SEASHELLS;2036;1
57800;;;RAINFOREST_RESIN;SEASHELLS;9998;1
57800;;;SQUID_INK;SEASHELLS;1842;1
57900;;;KELP;SEASHELLS;2034;1
57900;;;SQUID_INK;SEASHELLS;1840;1
58100;;;DJEMBES;SEASHELLS;13383;2
58300;;;KELP;SEASHELLS;2034;1
58300;;;SQUID_INK;SEASHELLS;1837;1
58400;;;KELP;SEASHELLS;2034;1
58400;;;KELP;SEASHELLS;2034;1
58400;;;PICNIC_BASKET1;SEASHELLS;58668;2
58400;;;PICNIC_BASKET2;SEASHELLS;30276;5
58400;;;RAINFOREST_RESIN;SEASHELLS;10004;1
58400;;;SQUID_INK;SEASHELLS;1838;1
58400;;;SQUID_INK;SEASHELLS;1838;1
58500;;;RAINFOREST_RESIN;SEASHELLS;10004;2
58600;;;JAMS;SEASHELLS;6530;6
58600;;;PICNIC_BASKET1;SEASHELLS;58666;1
58600;;;PICNIC_BASKET2;SEASHELLS;30269;8
58700;;;JAMS;SEASHELLS;6532;4
58800;;;JAMS;SEASHELLS;6532;8
58900;;;JAMS;SEASHELLS;6530;6
58900;;;KELP;SEASHELLS;2037;2
58900;;;RAINFOREST_RESIN;SEASHELLS;10002;4
58900;;;RAINFOREST_RESIN;SEASHELLS;10002;1
58900;;;SQUID_INK;SEASHELLS;1842;2
59000;;;DJEMBES;SEASHELLS;13384;1
59100;;;KELP;SEASHELLS;2033;2
59100;;;PICNIC_BASKET1;SEASHELLS;58669;2
59100;;;PICNIC_BASKET2;SEASHELLS;30272;2
59100;;;RAINFOREST_RESIN;SEASHELLS;9998;2
59100;;;RAINFOREST_RESIN;SEASHELLS;9998;2
59100;;;SQUID_INK;SEASHELLS;1840;2
59200;;;CROISSANTS;SEASHELLS;4271;6
59200;;;PICNIC_BASKET1;SEASHELLS;58674;2
59200;;;PICNIC_BASKET2;SEASHELLS;30278;2
59200;;;RAINFOREST_RESIN;SEASHELLS;10002;1
59200;;;SQUID_INK;SEASHELLS;1842;3
59400;;;DJEMBES;SEASHELLS;13388;1
59400;;;RAINFOREST_RESIN;SEASHELLS;9998;4
59700;;;JAMS;SEASHELLS;6531;8
59700;;;KELP;SEASHELLS;2036;1
59700;;;SQUID_INK;SEASHELLS;1844;1
59700;;;SQUID_INK;SEASHELLS;1843;3
59800;;;CROISSANTS;SEASHELLS;4272;8
59800;;;KELP;SEASHELLS;2034;10
59800;;;PICNIC_BASKET1;SEASHELLS;58670;6
59800;;;PICNIC_BASKET2;SEASHELLS;30282;6
59800;;;RAINFOREST_RESIN;SEASHELLS;9995;5
59900;;;KELP;SEASHELLS;2034;1
59900;;;SQUID_INK;SEASHELLS;1845;1
60000;;;KELP;SEASHELLS;2034;1
60000;;;PICNIC_BASKET1;SEASHELLS;58663;8
60000;;;PICNIC_BASKET2;SEASHELLS;30277;8
60000;;;SQUID_INK;SEASHELLS;1842;1
60100;;;KELP;SEASHELLS;2034;1
60100;;;SQUID_INK;SEASHELLS;1845;1
60200;;;DJEMBES;SEASHELLS;13387;4
60300;;;CROISSANTS;SEASHELLS;4272;9
60300;;;JAMS;SEASHELLS;6533;9
60300;;;PICNIC_BASKET1;SEASHELLS;58674;2
60300;;;PICNIC_BASKET2;SEASHELLS;30290;10
60700;;;DJEMBES;SEASHELLS;13390;1
61000;;;RAINFOREST_RESIN;SEASHELLS;9995;2
61100;;;DJEMBES;SEASHELLS;13390;2
61100;;;RAINFOREST_RESIN;SEASHELLS;9998;1
61200;;;CROISSANTS;SEASHELLS;4274;10
61200;;;JAMS;SEASHELLS;6529;4
61200;;;KELP;SEASHELLS;2036;1
61200;;;SQUID_INK;SEASHELLS;1843;1
61300;;;JAMS;SEASHELLS;6528;10
61300;;;RAINFOREST_RESIN;SEASHELLS;9998;1
61400;;;KELP;SEASHELLS;2034;1
61400;;;SQUID_INK;SEASHELLS;1841;1
61500;;;JAMS;SEASHELLS;6527;9
61600;;;JAMS;SEASHELLS;6527;4
61600;;;KELP;SEASHELLS;2037;10
61600;;;SQUID_INK;SEASHELLS;1847;1
62000;;;DJEMBES;SEASHELLS;13388;6
62000;;;JAMS;SEASHELLS;6531;10
62200;;;KELP;SEASHELLS;2034;1
62200;;;SQUID_INK;SEASHELLS;1840;1
62300;;;KELP;SEASHELLS;2034;1
62300;;;RAINFOREST_RESIN;SEASHELLS;9998;1
62300;;;SQUID_INK;SEASHELLS;1838;1
62500;;;KELP;SEASHELLS;2034;1
62500;;;RAINFOREST_RESIN;SEASHELLS;10002;1
62500;;;SQUID_INK;SEASHELLS;1836;1
62600;;;DJEMBES;SEASHELLS;13392;4
62600;;;KELP;SEASHELLS;2036;1
62600;;;SQUID_INK;SEASHELLS;1837;1
62700;;;KELP;SEASHELLS;2036;1
62700;;;KELP;SEASHELLS;2035;7
62700;;;SQUID_INK;SEASHELLS;1836;1
62700;;;SQUID_INK;SEASHELLS;1835;7
62900;;;DJEMBES;SEASHELLS;13392;5
63000;;;DJEMBES;SEASHELLS;13390;5
63200;;;KELP;SEASHELLS;2037;1
63200;;;RAINFOREST_RESIN;SEASHELLS;10002;1
63200;;;SQUID_INK;SEASHELLS;1840;1
63400;;;KELP;SEASHELLS;2035;1
63400;;;RAINFOREST_RESIN;SEASHELLS;10004;1
63400;;;SQUID_INK;SEASHELLS;1836;1
63500;;;DJEMBES;SEASHELLS;13392;4
63800;;;DJEMBES;SEASHELLS;13392;4
63800;;;KELP;SEASHELLS;2036;1
63800;;;SQUID_INK;SEASHELLS;1836;1
64100;;;CROISSANTS;SEASHELLS;4275;6
64100;;;DJEMBES;SEASHELLS;13390;5
64100;;;RAINFOREST_RESIN;SEASHELLS;9998;2
64200;;;SQUID_INK;SEASHELLS;1833;1
64400;;;DJEMBES;SEASHELLS;13392;4
64400;;;JAMS;SEASHELLS;6528;6
64600;;;DJEMBES;SEASHELLS;13391;5
64600;;;KELP;SEASHELLS;2034;1
64600;;;SQUID_INK;SEASHELLS;1836;1
64800;;;SQUID_INK;SEASHELLS;1839;2
65000;;;KELP;SEASHELLS;2036;2
65000;;;RAINFOREST_RESIN;SEASHELLS;10002;2
65000;;;SQUID_INK;SEASHELLS;1841;2
65100;;;CROISSANTS;SEASHELLS;4273;8
65100;;;KELP;SEASHELLS;2034;1
65100;;;SQUID_INK;SEASHELLS;1838;1
65200;;;CROISSANTS;SEASHELLS;4274;5
65300;;;CROISSANTS;SEASHELLS;4274;6
65300;;;JAMS;SEASHELLS;6526;10
65400;;;CROISSANTS;SEASHELLS;4274;8
65400;;;DJEMBES;SEASHELLS;13390;4
65400;;;KELP;SEASHELLS;2034;1
65400;;;RAINFOREST_RESIN;SEASHELLS;10002;1
65400;;;RAINFOREST_RESIN;SEASHELLS;10002;1
65400;;;SQUID_INK;SEASHELLS;1838;1
65500;;;CROISSANTS;SEASHELLS;4274;5
65500;;;KELP;SEASHELLS;2036;4
65500;;;KELP;SEASHELLS;2036;4
65500;;;SQUID_INK;SEASHELLS;1840;4
65500;;;SQUID_INK;SEASHELLS;1840;4
65700;;;KELP;SEASHELLS;2034;1
65700;;;RAINFOREST_RESIN;SEASHELLS;9998;4
65700;;;RAINFOREST_RESIN;SEASHELLS;9995;1
65700;;;SQUID_INK;SEASHELLS;1837;1
66000;;;KELP;SEASHELLS;2037;2
66000;;;RAINFOREST_RESIN;SEASHELLS;10004;2
66000;;;SQUID_INK;SEASHELLS;1841;2
66100;;;RAINFOREST_RESIN;SEASHELLS;9998;2
66300;;;KELP;SEASHELLS;2034;1
66300;;;SQUID_INK;SEASHELLS;1837;1
66400;;;PICNIC_BASKET1;SEASHELLS;58678;2
66400;;;PICNIC_BASKET1;SEASHELLS;58678;3
66400;;;PICNIC_BASKET2;SEASHELLS;30278;2
66400;;;PICNIC_BASKET2;SEASHELLS;30278;3
66400;;;RAINFOREST_RESIN;SEASHELLS;9998;1
66500;;;KELP;SEASHELLS;2034;1
66500;;;SQUID_INK;SEASHELLS;1837;1
66600;;;RAINFOREST_RESIN;SEASHELLS;9998;2
66700;;;KELP;SEASHELLS;2034;1
66700;;;SQUID_INK;SEASHELLS;1833;1
66900;;;KELP;SEASHELLS;2035;8
66900;;;SQUID_INK;SEASHELLS;1833;8
67000;;;KELP;SEASHELLS;2036;1
67300;;;DJEMBES;SEASHELLS;13387;5
67300;;;KELP;SEASHELLS;2034;1
67300;;;SQUID_INK;SEASHELLS;1832;1
67400;;;PICNIC_BASKET1;SEASHELLS;58671;2
67400;;;PICNIC_BASKET2;SEASHELLS;30279;2
67600;;;KELP;SEASHELLS;2033;2
67600;;;RAINFOREST_RESIN;SEASHELLS;9995;2
67600;;;SQUID_INK;SEASHELLS;1832;2
67700;;;KELP;SEASHELLS;2034;1
67700;;;RAINFOREST_RESIN;SEASHELLS;9998;1
67700;;;SQUID_INK;SEASHELLS;1831;1
67800;;;KELP;SEASHELLS;2036;1
67800;;;SQUID_INK;SEASHELLS;1835;1
67900;;;JAMS;SEASHELLS;6526;10
68000;;;KELP;SEASHELLS;2037;2
68000;;;RAINFOREST_RESIN;SEASHELLS;10004;2
68000;;;SQUID_INK;SEASHELLS;1836;2
68100;;;KELP;SEASHELLS;2037;11
68100;;;PICNIC_BASKET1;SEASHELLS;58677;2
68100;;;PICNIC_BASKET2;SEASHELLS;30286;6
68100;;;SQUID_INK;SEASHELLS;1839;11
68200;;;DJEMBES;SEASHELLS;13384;9
68200;;;JAMS;SEASHELLS;6527;4
68300;;;KELP;SEASHELLS;2034;1
68300;;;RAINFOREST_RESIN;SEASHELLS;10002;1
68300;;;SQUID_INK;SEASHELLS;1835;1
68400;;;CROISSANTS;SEASHELLS;4276;6
68500;;;RAINFOREST_RESIN;SEASHELLS;9998;5
68600;;;DJEMBES;SEASHELLS;13384;3
68600;;;RAINFOREST_RESIN;SEASHELLS;9998;1
69000;;;KELP;SEASHELLS;2037;2
69000;;;RAINFOREST_RESIN;SEASHELLS;10004;2
69000;;;SQUID_INK;SEASHELLS;1839;2
69100;;;DJEMBES;SEASHELLS;13384;2
69500;;;PICNIC_BASKET1;SEASHELLS;58661;1
69500;;;PICNIC_BASKET1;SEASHELLS;58660;4
69500;;;PICNIC_BASKET2;SEASHELLS;30264;1
69500;;;PICNIC_BASKET2;SEASHELLS;30263;4
69600;;;SQUID_INK;SEASHELLS;1840;3
69800;;;CROISSANTS;SEASHELLS;4273;5
70200;;;KELP;SEASHELLS;2034;3
70300;;;DJEMBES;SEASHELLS;13387;5
70300;;;PICNIC_BASKET1;SEASHELLS;58668;1
70300;;;PICNIC_BASKET2;SEASHELLS;30259;8
70500;;;RAINFOREST_RESIN;SEASHELLS;9998;1
70600;;;CROISSANTS;SEASHELLS;4274;8
71100;;;CROISSANTS;SEASHELLS;4275;5
71100;;;RAINFOREST_RESIN;SEASHELLS;10004;2
71100;;;RAINFOREST_RESIN;SEASHELLS;10004;7
71200;;;JAMS;SEASHELLS;6525;7
71300;;;RAINFOREST_RESIN;SEASHELLS;10002;1
71400;;;RAINFOREST_RESIN;SEASHELLS;9998;3
71500;;;CROISSANTS;SEASHELLS;4274;10
71600;;;RAINFOREST_RESIN;SEASHELLS;9996;2
71700;;;DJEMBES;SEASHELLS;13385;3
72000;;;DJEMBES;SEASHELLS;13385;1
72100;;;PICNIC_BASKET1;SEASHELLS;58673;8
72100;;;PICNIC_BASKET2;SEASHELLS;30269;8
72200;;;KELP;SEASHELLS;2034;1
72200;;;SQUID_INK;SEASHELLS;1844;1
72200;;;SQUID_INK;SEASHELLS;1847;14
72300;;;RAINFOREST_RESIN;SEASHELLS;9998;1
72400;;;CROISSANTS;SEASHELLS;4274;5
72400;;;KELP;SEASHELLS;2037;6
72400;;;SQUID_INK;SEASHELLS;1846;6
72500;;;KELP;SEASHELLS;2033;2
72500;;;RAINFOREST_RESIN;SEASHELLS;9995;2
72500;;;SQUID_INK;SEASHELLS;1843;2
72600;;;CROISSANTS;SEASHELLS;4274;7
72600;;;DJEMBES;SEASHELLS;13386;4
72600;;;JAMS;SEASHELLS;6525;12
72700;;;JAMS;SEASHELLS;6526;7
72700;;;PICNIC_BASKET1;SEASHELLS;58675;2
72700;;;PICNIC_BASKET2;SEASHELLS;30272;2
72800;;;KELP;SEASHELLS;2037;2
72800;;;RAINFOREST_RESIN;SEASHELLS;10002;2
72800;;;SQUID_INK;SEASHELLS;1849;2
72900;;;KELP;SEASHELLS;2034;1
72900;;;SQUID_INK;SEASHELLS;1844;1
73100;;;JAMS;SEASHELLS;6526;8
73500;;;PICNIC_BASKET1;SEASHELLS;58674;6
73500;;;PICNIC_BASKET2;SEASHELLS;30268;6
73600;;;JAMS;SEASHELLS;6526;8
73700;;;PICNIC_BASKET1;SEASHELLS;58675;8
73700;;;PICNIC_BASKET2;SEASHELLS;30273;8
73800;;;DJEMBES;SEASHELLS;13382;4
74000;;;DJEMBES;SEASHELLS;13383;4
74100;;;KELP;SEASHELLS;2037;8
74100;;;SQUID_INK;SEASHELLS;1840;8
74300;;;KELP;SEASHELLS;2036;1
74300;;;SQUID_INK;SEASHELLS;1834;1
74400;;;CROISSANTS;SEASHELLS;4273;6
74400;;;CROISSANTS;SEASHELLS;4275;5
74400;;;DJEMBES;SEASHELLS;13380;4
74400;;;KELP;SEASHELLS;2034;1
74400;;;SQUID_INK;SEASHELLS;1830;1
74500;;;PICNIC_BASKET1;SEASHELLS;58661;2
74500;;;PICNIC_BASKET1;SEASHELLS;58660;5
74500;;;PICNIC_BASKET1;SEASHELLS;58660;10
74500;;;PICNIC_BASKET2;SEASHELLS;30261;2
74500;;;PICNIC_BASKET2;SEASHELLS;30260;5
74500;;;PICNIC_BASKET2;SEASHELLS;30260;10
74600;;;RAINFOREST_RESIN;SEASHELLS;10004;1
74600;;;RAINFOREST_RESIN;SEASHELLS;10004;7
74700;;;RAINFOREST_RESIN;SEASHELLS;10002;3
74800;;;KELP;SEASHELLS;2036;1
74800;;;RAINFOREST_RESIN;SEASHELLS;9998;4
74800;;;SQUID_INK;SEASHELLS;1833;1
74900;;;DJEMBES;SEASHELLS;13380;3
74900;;;JAMS;SEASHELLS;6526;11
75100;;;CROISSANTS;SEASHELLS;4272;6
75200;;;KELP;SEASHELLS;2034;1
75200;;;SQUID_INK;SEASHELLS;1830;1
75300;;;RAINFOREST_RESIN;SEASHELLS;10004;2
75400;;;KELP;SEASHELLS;2034;15
75400;;;RAINFOREST_RESIN;SEASHELLS;10004;1
75400;;;SQUID_INK;SEASHELLS;1830;15
75500;;;RAINFOREST_RESIN;SEASHELLS;10002;1
75600;;;KELP;SEASHELLS;2034;1
75600;;;SQUID_INK;SEASHELLS;1830;1
75700;;;DJEMBES;SEASHELLS;13379;4
76000;;;JAMS;SEASHELLS;6522;6
76000;;;KELP;SEASHELLS;2036;2
76000;;;KELP;SEASHELLS;2036;2
76000;;;SQUID_INK;SEASHELLS;1835;2
76400;;;CROISSANTS;SEASHELLS;4271;4
76400;;;KELP;SEASHELLS;2036;1
76400;;;RAINFOREST_RESIN;SEASHELLS;9998;1
76400;;;SQUID_INK;SEASHELLS;1832;1
76500;;;CROISSANTS;SEASHELLS;4272;5
76500;;;KELP;SEASHELLS;2036;1
76500;;;SQUID_INK;SEASHELLS;1827;1
76800;;;CROISSANTS;SEASHELLS;4271;7
76900;;;CROISSANTS;SEASHELLS;4271;5
77000;;;RAINFOREST_RESIN;SEASHELLS;9998;1
77100;;;KELP;SEASHELLS;2036;1
77500;;;CROISSANTS;SEASHELLS;4273;4
77600;;;RAINFOREST_RESIN;SEASHELLS;9998;1
78000;;;RAINFOREST_RESIN;SEASHELLS;10002;1
78100;;;KELP;SEASHELLS;2035;1
78100;;;SQUID_INK;SEASHELLS;1821;1
78200;;;JAMS;SEASHELLS;6520;7
78300;;;KELP;SEASHELLS;2038;1
78300;;;KELP;SEASHELLS;2037;1
78300;;;RAINFOREST_RESIN;SEASHELLS;10005;1
78300;;;SQUID_INK;SEASHELLS;1822;1
78300;;;SQUID_INK;SEASHELLS;1821;1
78400;;;KELP;SEASHELLS;2038;5
78400;;;SQUID_INK;SEASHELLS;1823;5
79000;;;CROISSANTS;SEASHELLS;4273;8
79100;;;DJEMBES;SEASHELLS;13376;4
79100;;;KELP;SEASHELLS;2035;1
79100;;;SQUID_INK;SEASHELLS;1820;1
79200;;;CROISSANTS;SEASHELLS;4272;8
79300;;;KELP;SEASHELLS;2035;10
79300;;;SQUID_INK;SEASHELLS;1822;10
79600;;;DJEMBES;SEASHELLS;13378;2
79900;;;KELP;SEASHELLS;2035;2
79900;;;KELP;SEASHELLS;2035;5
79900;;;SQUID_INK;SEASHELLS;1815;2
79900;;;SQUID_INK;SEASHELLS;1815;5
80100;;;KELP;SEASHELLS;2036;1
80100;;;SQUID_INK;SEASHELLS;1813;1
80500;;;CROISSANTS;SEASHELLS;4271;5
80600;;;RAINFOREST_RESIN;SEASHELLS;9998;3
80700;;;KELP;SEASHELLS;2034;1
80700;;;SQUID_INK;SEASHELLS;1804;1
80800;;;CROISSANTS;SEASHELLS;4272;5
80900;;;JAMS;SEASHELLS;6523;7
80900;;;KELP;SEASHELLS;2038;15
80900;;;RAINFOREST_RESIN;SEASHELLS;10004;1
80900;;;RAINFOREST_RESIN;SEASHELLS;10004;7
80900;;;SQUID_INK;SEASHELLS;1809;15
80900;;;SQUID_INK;SEASHELLS;1808;1
81200;;;KELP;SEASHELLS;2034;2
81200;;;RAINFOREST_RESIN;SEASHELLS;9996;1
81200;;;RAINFOREST_RESIN;SEASHELLS;9996;1
81200;;;SQUID_INK;SEASHELLS;1804;2
81600;;;CROISSANTS;SEASHELLS;4271;8
81700;;;CROISSANTS;SEASHELLS;4272;5
81700;;;KELP;SEASHELLS;2037;1
81700;;;SQUID_INK;SEASHELLS;1809;1
81800;;;KELP;SEASHELLS;2038;2
81800;;;RAINFOREST_RESIN;SEASHELLS;10005;2
81800;;;SQUID_INK;SEASHELLS;1815;2
81900;;;JAMS;SEASHELLS;6525;6
81900;;;KELP;SEASHELLS;2038;2
81900;;;RAINFOREST_RESIN;SEASHELLS;10002;2
81900;;;SQUID_INK;SEASHELLS;1814;2
82000;;;KELP;SEASHELLS;2038;13
82000;;;SQUID_INK;SEASHELLS;1815;13
82200;;;KELP;SEASHELLS;2038;4
82200;;;RAINFOREST_RESIN;SEASHELLS;9998;1
82200;;;SQUID_INK;SEASHELLS;1813;4
82500;;;KELP;SEASHELLS;2035;15
82500;;;PICNIC_BASKET1;SEASHELLS;58632;2
82500;;;PICNIC_BASKET2;SEASHELLS;30267;2
82500;;;SQUID_INK;SEASHELLS;1801;15
82700;;;KELP;SEASHELLS;2035;1
82700;;;RAINFOREST_RESIN;SEASHELLS;9996;1
82700;;;SQUID_INK;SEASHELLS;1805;1
82800;;;CROISSANTS;SEASHELLS;4270;5
82800;;;JAMS;SEASHELLS;6526;7
82800;;;RAINFOREST_RESIN;SEASHELLS;10002;1
82900;;;KELP;SEASHELLS;2035;1
82900;;;RAINFOREST_RESIN;SEASHELLS;9998;1
82900;;;SQUID_INK;SEASHELLS;1804;1
83000;;;KELP;SEASHELLS;2038;8
83000;;;SQUID_INK;SEASHELLS;1809;8
83100;;;CROISSANTS;SEASHELLS;4271;8
83200;;;DJEMBES;SEASHELLS;13379;1
83500;;;JAMS;SEASHELLS;6527;8
83500;;;KELP;SEASHELLS;2035;1
83500;;;SQUID_INK;SEASHELLS;1800;1
83800;;;DJEMBES;SEASHELLS;13376;4
83800;;;RAINFOREST_RESIN;SEASHELLS;10004;1
83900;;;JAMS;SEASHELLS;6524;5
84000;;;KELP;SEASHELLS;2038;2
84000;;;RAINFOREST_RESIN;SEASHELLS;10005;2
84000;;;RAINFOREST_RESIN;SEASHELLS;10002;1
84000;;;SQUID_INK;SEASHELLS;1801;2
84100;;;PICNIC_BASKET1;SEASHELLS;58646;2
84100;;;PICNIC_BASKET1;SEASHELLS;58646;3
84100;;;PICNIC_BASKET2;SEASHELLS;30278;5
84200;;;KELP;SEASHELLS;2037;1
84200;;;RAINFOREST_RESIN;SEASHELLS;9998;1
84200;;;SQUID_INK;SEASHELLS;1800;1
84300;;;DJEMBES;SEASHELLS;13377;5
84300;;;KELP;SEASHELLS;2037;1
84300;;;SQUID_INK;SEASHELLS;1799;1
84700;;;JAMS;SEASHELLS;6526;4
84700;;;KELP;SEASHELLS;2034;1
84700;;;RAINFOREST_RESIN;SEASHELLS;10002;3
84700;;;SQUID_INK;SEASHELLS;1799;1
84800;;;CROISSANTS;SEASHELLS;4272;10
84800;;;PICNIC_BASKET1;SEASHELLS;58642;8
84800;;;PICNIC_BASKET2;SEASHELLS;30284;8
84900;;;RAINFOREST_RESIN;SEASHELLS;9998;1
85000;;;JAMS;SEASHELLS;6525;8
85200;;;JAMS;SEASHELLS;6525;9
85500;;;RAINFOREST_RESIN;SEASHELLS;10002;1
85600;;;CROISSANTS;SEASHELLS;4271;8
85600;;;JAMS;SEASHELLS;6527;8
85800;;;KELP;SEASHELLS;2035;2
85800;;;KELP;SEASHELLS;2035;4
85800;;;RAINFOREST_RESIN;SEASHELLS;10002;1
85800;;;SQUID_INK;SEASHELLS;1808;2
85800;;;SQUID_INK;SEASHELLS;1808;4
86000;;;JAMS;SEASHELLS;6526;4
86000;;;RAINFOREST_RESIN;SEASHELLS;10002;1
86100;;;RAINFOREST_RESIN;SEASHELLS;10005;6
86400;;;JAMS;SEASHELLS;6525;8
86500;;;JAMS;SEASHELLS;6523;4
86500;;;KELP;SEASHELLS;2036;3
86500;;;SQUID_INK;SEASHELLS;1812;3
86700;;;JAMS;SEASHELLS;6522;5
86700;;;KELP;SEASHELLS;2037;1
86700;;;PICNIC_BASKET1;SEASHELLS;58605;2
86700;;;PICNIC_BASKET2;SEASHELLS;30271;2
86700;;;RAINFOREST_RESIN;SEASHELLS;10002;5
86800;;;DJEMBES;SEASHELLS;13375;1
86800;;;KELP;SEASHELLS;2038;1
86800;;;RAINFOREST_RESIN;SEASHELLS;10004;1
86800;;;SQUID_INK;SEASHELLS;1813;1
86900;;;KELP;SEASHELLS;2035;2
86900;;;SQUID_INK;SEASHELLS;1811;2
87000;;;DJEMBES;SEASHELLS;13373;4
87000;;;KELP;SEASHELLS;2035;4
87000;;;SQUID_INK;SEASHELLS;1810;4
87100;;;DJEMBES;SEASHELLS;13374;3
87100;;;KELP;SEASHELLS;2035;3
87100;;;SQUID_INK;SEASHELLS;1811;3
87300;;;JAMS;SEASHELLS;6521;5
87300;;;RAINFOREST_RESIN;SEASHELLS;9998;5
87400;;;JAMS;SEASHELLS;6521;7
87700;;;PICNIC_BASKET1;SEASHELLS;58607;1
87700;;;PICNIC_BASKET2;SEASHELLS;30279;9
87800;;;JAMS;SEASHELLS;6522;7
87900;;;KELP;SEASHELLS;2034;1
87900;;;SQUID_INK;SEASHELLS;1807;1
88000;;;DJEMBES;SEASHELLS;13371;5
88000;;;DJEMBES;SEASHELLS;13372;1
88000;;;JAMS;SEASHELLS;6522;3
88000;;;PICNIC_BASKET1;SEASHELLS;58600;1
88000;;;PICNIC_BASKET2;SEASHELLS;30273;1
88300;;;DJEMBES;SEASHELLS;13370;1
88300;;;KELP;SEASHELLS;2037;2
88300;;;RAINFOREST_RESIN;SEASHELLS;10004;2
88300;;;SQUID_INK;SEASHELLS;1808;2
88400;;;SQUID_INK;SEASHELLS;1808;2
88600;;;KELP;SEASHELLS;2036;1
88600;;;SQUID_INK;SEASHELLS;1808;1
88900;;;KELP;SEASHELLS;2034;14
88900;;;SQUID_INK;SEASHELLS;1807;14
89100;;;JAMS;SEASHELLS;6524;6
89200;;;RAINFOREST_RESIN;SEASHELLS;9998;1
89400;;;DJEMBES;SEASHELLS;13369;3
89500;;;CROISSANTS;SEASHELLS;4274;7
89500;;;RAINFOREST_RESIN;SEASHELLS;10005;11
89600;;;RAINFOREST_RESIN;SEASHELLS;9998;2
89600;;;RAINFOREST_RESIN;SEASHELLS;9998;1
89800;;;KELP;SEASHELLS;2036;2
89800;;;RAINFOREST_RESIN;SEASHELLS;9995;2
89800;;;SQUID_INK;SEASHELLS;1806;2
89900;;;DJEMBES;SEASHELLS;13370;3
89900;;;JAMS;SEASHELLS;6523;4
89900;;;PICNIC_BASKET1;SEASHELLS;58623;10
89900;;;PICNIC_BASKET2;SEASHELLS;30284;10
90300;;;DJEMBES;SEASHELLS;13368;2
90500;;;JAMS;SEASHELLS;6524;7
90600;;;SQUID_INK;SEASHELLS;1806;8
90700;;;DJEMBES;SEASHELLS;13368;2
90700;;;PICNIC_BASKET1;SEASHELLS;58610;2
90700;;;PICNIC_BASKET1;SEASHELLS;58610;6
90700;;;PICNIC_BASKET2;SEASHELLS;30276;8
90700;;;RAINFOREST_RESIN;SEASHELLS;10002;1
90800;;;KELP;SEASHELLS;2034;1
90800;;;KELP;SEASHELLS;2037;1
90800;;;RAINFOREST_RESIN;SEASHELLS;10004;1
90800;;;SQUID_INK;SEASHELLS;1806;1
90800;;;SQUID_INK;SEASHELLS;1809;1
91200;;;JAMS;SEASHELLS;6522;12
91200;;;JAMS;SEASHELLS;6524;8
91200;;;KELP;SEASHELLS;2034;2
91200;;;KELP;SEASHELLS;2035;3
91200;;;RAINFOREST_RESIN;SEASHELLS;9995;2
91200;;;SQUID_INK;SEASHELLS;1802;2
91200;;;SQUID_INK;SEASHELLS;1803;3
91300;;;KELP;SEASHELLS;2036;1
91300;;;PICNIC_BASKET1;SEASHELLS;58603;1
91300;;;PICNIC_BASKET2;SEASHELLS;30273;1
91500;;;KELP;SEASHELLS;2034;13
91500;;;SQUID_INK;SEASHELLS;1802;13
91600;;;JAMS;SEASHELLS;6523;7
91700;;;DJEMBES;SEASHELLS;13371;4
91800;;;CROISSANTS;SEASHELLS;4271;6
91800;;;PICNIC_BASKET1;SEASHELLS;58603;2
91800;;;PICNIC_BASKET1;SEASHELLS;58602;1
91800;;;PICNIC_BASKET2;SEASHELLS;30268;2
91800;;;PICNIC_BASKET2;SEASHELLS;30267;1
91900;;;JAMS;SEASHELLS;6522;6
91900;;;RAINFOREST_RESIN;SEASHELLS;10002;1
91900;;;RAINFOREST_RESIN;SEASHELLS;10002;3
92000;;;RAINFOREST_RESIN;SEASHELLS;9996;2
92000;;;RAINFOREST_RESIN;SEASHELLS;9996;3
92100;;;PICNIC_BASKET1;SEASHELLS;58601;8
92100;;;PICNIC_BASKET2;SEASHELLS;30266;8
92400;;;JAMS;SEASHELLS;6520;7
92500;;;DJEMBES;SEASHELLS;13370;1
92500;;;KELP;SEASHELLS;2034;15
92500;;;SQUID_INK;SEASHELLS;1808;15
92600;;;KELP;SEASHELLS;2035;2
92600;;;SQUID_INK;SEASHELLS;1811;2
93000;;;KELP;SEASHELLS;2034;1
93200;;;RAINFOREST_RESIN;SEASHELLS;10002;1
93300;;;KELP;SEASHELLS;2036;5
93300;;;SQUID_INK;SEASHELLS;1811;5
93500;;;PICNIC_BASKET1;SEASHELLS;58626;2
93500;;;PICNIC_BASKET2;SEASHELLS;30268;2
93600;;;DJEMBES;SEASHELLS;13374;4
93600;;;KELP;SEASHELLS;2035;3
93600;;;RAINFOREST_RESIN;SEASHELLS;10004;2
93600;;;RAINFOREST_RESIN;SEASHELLS;10004;1
93600;;;SQUID_INK;SEASHELLS;1815;3
93900;;;CROISSANTS;SEASHELLS;4273;8
93900;;;JAMS;SEASHELLS;6522;10
94100;;;JAMS;SEASHELLS;6523;9
94200;;;DJEMBES;SEASHELLS;13373;3
94200;;;KELP;SEASHELLS;2037;1
94200;;;RAINFOREST_RESIN;SEASHELLS;9998;1
94300;;;KELP;SEASHELLS;2037;1
94300;;;KELP;SEASHELLS;2037;8
94300;;;RAINFOREST_RESIN;SEASHELLS;9998;1
94300;;;SQUID_INK;SEASHELLS;1816;1
94500;;;KELP;SEASHELLS;2038;2
94500;;;RAINFOREST_RESIN;SEASHELLS;10004;1
94500;;;RAINFOREST_RESIN;SEASHELLS;10004;1
94500;;;SQUID_INK;SEASHELLS;1815;2
94600;;;JAMS;SEASHELLS;6522;6
94600;;;KELP;SEASHELLS;2036;1
94600;;;RAINFOREST_RESIN;SEASHELLS;9998;1
94600;;;SQUID_INK;SEASHELLS;1814;1
94800;;;KELP;SEASHELLS;2034;1
94800;;;RAINFOREST_RESIN;SEASHELLS;9998;1
94800;;;SQUID_INK;SEASHELLS;1815;1
95400;;;RAINFOREST_RESIN;SEASHELLS;10002;1
95400;;;RAINFOREST_RESIN;SEASHELLS;10002;4
95500;;;JAMS;SEASHELLS;6521;8
95500;;;PICNIC_BASKET1;SEASHELLS;58594;5
95500;;;PICNIC_BASKET2;SEASHELLS;30248;5
95600;;;JAMS;SEASHELLS;6521;4
95800;;;JAMS;SEASHELLS;6519;7
95900;;;RAINFOREST_RESIN;SEASHELLS;9998;1
96300;;;CROISSANTS;SEASHELLS;4271;4
96400;;;JAMS;SEASHELLS;6520;5
96700;;;CROISSANTS;SEASHELLS;4271;10
97200;;;DJEMBES;SEASHELLS;13366;5
97300;;;KELP;SEASHELLS;2035;1
97300;;;SQUID_INK;SEASHELLS;1812;1
97400;;;JAMS;SEASHELLS;6519;9
97400;;;KELP;SEASHELLS;2034;5
97400;;;KELP;SEASHELLS;2035;1
97400;;;SQUID_INK;SEASHELLS;1814;5
97400;;;SQUID_INK;SEASHELLS;1815;1
97500;;;DJEMBES;SEASHELLS;13366;2
97500;;;PICNIC_BASKET1;SEASHELLS;58591;5
97500;;;PICNIC_BASKET2;SEASHELLS;30241;5
97600;;;PICNIC_BASKET1;SEASHELLS;58594;1
97600;;;PICNIC_BASKET1;SEASHELLS;58593;3
97600;;;PICNIC_BASKET2;SEASHELLS;30243;1
97600;;;PICNIC_BASKET2;SEASHELLS;30242;3
97800;;;DJEMBES;SEASHELLS;13363;1
97900;;;PICNIC_BASKET1;SEASHELLS;58571;2
97900;;;PICNIC_BASKET2;SEASHELLS;30240;2
97900;;;RAINFOREST_RESIN;SEASHELLS;10002;4
98000;;;JAMS;SEASHELLS;6518;9
98100;;;CROISSANTS;SEASHELLS;4271;5
98200;;;RAINFOREST_RESIN;SEASHELLS;9998;1
98300;;;PICNIC_BASKET1;SEASHELLS;58561;1
98300;;;PICNIC_BASKET1;SEASHELLS;58560;1
98300;;;PICNIC_BASKET1;SEASHELLS;58560;10
98300;;;PICNIC_BASKET2;SEASHELLS;30245;1
98300;;;PICNIC_BASKET2;SEASHELLS;30244;1
98300;;;PICNIC_BASKET2;SEASHELLS;30244;10
98300;;;RAINFOREST_RESIN;SEASHELLS;10002;1
98500;;;CROISSANTS;SEASHELLS;4270;4
98800;;;SQUID_INK;SEASHELLS;1812;1
99000;;;KELP;SEASHELLS;2035;1
99000;;;SQUID_INK;SEASHELLS;1809;1
99100;;;DJEMBES;SEASHELLS;13366;1
99200;;;JAMS;SEASHELLS;6521;5
99300;;;KELP;SEASHELLS;2036;2
99300;;;KELP;SEASHELLS;2036;1
99300;;;RAINFOREST_RESIN;SEASHELLS;10004;2
99300;;;SQUID_INK;SEASHELLS;1814;2
99300;;;SQUID_INK;SEASHELLS;1814;1
99400;;;CROISSANTS;SEASHELLS;4270;8
99500;;;KELP;SEASHELLS;2038;15
99500;;;SQUID_INK;SEASHELLS;1818;15
